-- phpMyAdmin SQL Dump
-- version 5.0.2
-- https://www.phpmyadmin.net/
--
-- Host: localhost
-- Generation Time: Dec 11, 2020 at 02:23 PM
-- Server version: 10.4.14-MariaDB
-- PHP Version: 7.4.10

SET SQL_MODE = "NO_AUTO_VALUE_ON_ZERO";
START TRANSACTION;
SET time_zone = "+00:00";


/*!40101 SET @OLD_CHARACTER_SET_CLIENT=@@CHARACTER_SET_CLIENT */;
/*!40101 SET @OLD_CHARACTER_SET_RESULTS=@@CHARACTER_SET_RESULTS */;
/*!40101 SET @OLD_COLLATION_CONNECTION=@@COLLATION_CONNECTION */;
/*!40101 SET NAMES utf8mb4 */;

--
-- Database: `Mihaya`
--

-- --------------------------------------------------------

--
-- Table structure for table `Pelanggan`
--

CREATE TABLE `Pelanggan` (
  `ID_Pelanggan` varchar(10) NOT NULL,
  `noTelp` varchar(25) NOT NULL,
  `email` varchar(40) DEFAULT NULL,
  `nama` varchar(50) NOT NULL,
  `noRumah` char(2) NOT NULL,
  `namaJalan` varchar(80) NOT NULL,
  `kodePos` char(5) NOT NULL
) ENGINE=InnoDB DEFAULT CHARSET=utf8mb4;

--
-- Dumping data for table `Pelanggan`
--

INSERT INTO `Pelanggan` (`ID_Pelanggan`, `noTelp`, `email`, `nama`, `noRumah`, `namaJalan`, `kodePos`) VALUES
('001', '081238341886', 'wahyudiwaluyo@gmail.com', 'Wahyudi', '36', 'Jln candiborobudor', '65148'),
('002', '081365438967', 'margarethcans@gmail.com', 'margareth', '09', 'Jln karangbesuki', '65135'),
('003', '081675876425', 'lalaluna110@gmail.com', 'luna', '05', 'Jln comboran', '65120'),
('004', '081125523542', 'andirudger@gmail.com', 'andi', '12', 'Jln arief rahman hakim', '65149'),
('005', '081256756735', 'aranblack123@gmail.com', 'aran', '10', 'Jln bondowoso', '65155'),
('006', '081509878770', 'arthurking9@gmail.com', 'arthur', '30', 'Jln bendungan sutami', '65140'),
('007', '081155003473', 'josephbuso@gmail.com', 'joseph', '21', 'Jln wedoro timur', '65137'),
('008', '081388449950', 'rahmaniani@gmail.com', 'rahma', '14', 'Jln kuningan', '65130'),
('009', '081237483922', 'rizkyramdhan@gmail.com', 'rizky', '27', 'Jln kutisari selatan', '65123'),
('010', '081072646765', 'zaidanatalah@gmail.com', 'zaidan', '23', 'Jln jemur sari', '65114'),
('1', '0899999', 'a@protonmail.ch', 'A', '20', 'Jalan Cip Timur', '12222'),
('122', '13', '313', '123', '12', '1', '1'),
('142', '0812333333333', '4@ch.com', 'Jagad', '11', 'DD', '23333'),
('2313', '', '31231231', '123', '', '', ''),
('323', '2030103', '2323', '4212313', '31', '323131', '31312');

-- --------------------------------------------------------

--
-- Table structure for table `Pembayaran`
--

CREATE TABLE `Pembayaran` (
  `ID_Pembayaran` varchar(10) NOT NULL,
  `ID_Pelanggan` varchar(10) NOT NULL,
  `ID_Pesanan` varchar(10) NOT NULL,
  `JenisPembayaran` varchar(10) NOT NULL
) ENGINE=InnoDB DEFAULT CHARSET=utf8mb4;

--
-- Dumping data for table `Pembayaran`
--

INSERT INTO `Pembayaran` (`ID_Pembayaran`, `ID_Pelanggan`, `ID_Pesanan`, `JenisPembayaran`) VALUES
('000123', '003', '023', 'Daring'),
('000456', '005', '025', 'Daring'),
('010203', '008', '018', 'Daring'),
('040506', '006', '020', 'Daring'),
('100001', '005', '011', 'Daring'),
('100010', '005', '049', 'Daring'),
('100200', '005', '008', 'Daring'),
('101000', '006', '050', 'Daring'),
('102003', '010', '042', 'Daring'),
('102030', '009', '017', 'Daring'),
('103050', '001', '021', 'Daring'),
('105010', '009', '029', 'Daring'),
('123000', '004', '024', 'Daring'),
('123042', '001', '239', 'Daring'),
('123456', '010', '001', 'Daring'),
('123468', '003', '038', 'Daring'),
('123579', '002', '039', 'Daring'),
('124424', '001', '245', 'Daring'),
('124425', '001', '245', 'Daring'),
('200002', '004', '012', 'Daring'),
('203004', '002', '043', 'Daring'),
('204060', '002', '022', 'Daring'),
('234561', '006', '003', 'Daring'),
('300003', '003', '013', 'Daring'),
('300400', '007', '009', 'Daring'),
('304005', '009', '044', 'Daring'),
('345612', '004', '004', 'Daring'),
('400004', '002', '014', 'Daring'),
('405006', '003', '045', 'Daring'),
('405060', '007', '019', 'Daring'),
('432552', '002', '052', 'Luring'),
('444551', '001', '051', 'Luring'),
('456000', '006', '026', 'Daring'),
('456123', '002', '005', 'Daring'),
('500005', '001', '015', 'Daring'),
('500600', '009', '010', 'Daring'),
('500700', '010', '030', 'Daring'),
('506007', '008', '046', 'Daring'),
('561234', '001', '006', 'Daring'),
('567894', '008', '033', 'Daring'),
('600006', '010', '016', 'Daring'),
('607008', '004', '047', 'Daring'),
('612345', '003', '007', 'Daring'),
('654321', '008', '002', 'Daring'),
('678945', '007', '034', 'Daring'),
('700600', '009', '032', 'Daring'),
('708009', '007', '048', 'Daring'),
('789456', '006', '035', 'Daring'),
('789654', '007', '027', 'Daring'),
('894567', '005', '036', 'Daring'),
('900800', '010', '031', 'Daring'),
('945678', '004', '037', 'Daring'),
('987456', '008', '028', 'Daring'),
('987531', '001', '040', 'Daring'),
('987642', '001', '041', 'Daring');

-- --------------------------------------------------------

--
-- Table structure for table `PembayaranDaring`
--

CREATE TABLE `PembayaranDaring` (
  `ID_Pembayaran` varchar(10) NOT NULL,
  `nomorRek` varchar(20) NOT NULL,
  `opsiLayanan` varchar(20) NOT NULL
) ENGINE=InnoDB DEFAULT CHARSET=utf8mb4;

--
-- Dumping data for table `PembayaranDaring`
--

INSERT INTO `PembayaranDaring` (`ID_Pembayaran`, `nomorRek`, `opsiLayanan`) VALUES
('123456', '2839547756', 'Bank BCA'),
('654321', '0727842345', 'Bank BTN'),
('234561', '2345978434', 'Bank BRI'),
('345612', '8931498713', 'Bank BNI'),
('456123', '2311238978', 'Bank BCA'),
('561234', '0287593649', 'Bank BCA'),
('612345', '1234091253', 'Bank BNI'),
('100200', '0042624971', 'Bank BTN'),
('300400', '7742930164', 'Bank BCA'),
('500600', '9866798656', 'Bank BRI'),
('100001', '2903875654', 'Bank BCA'),
('200002', '9661732975', 'Bank BCA'),
('300003', '0198374334', 'Bank BNI'),
('400004', '6124124512', 'Bank BNI'),
('500005', '1212334534', 'Bank BRI'),
('600006', '3325673243', 'Bank BTN'),
('102030', '0067896794', 'Bank BTN'),
('010203', '9889435670', 'Bank BCA'),
('405060', '5540032398', 'Bank BCA'),
('040506', '5670812345', 'Bank BNI'),
('103050', '7893457890', 'Bank BCA'),
('204060', '5671234890', 'Bank BTN'),
('000123', '1122334455', 'Bank BRI'),
('123000', '4455667788', 'Bank BCA'),
('000456', '9911882736', 'Bank BRI'),
('456000', '5566110021', 'Bank BCA'),
('789654', '8374612944', 'Bank BNI'),
('987456', '1230974563', 'Bank BCA'),
('105010', '0192835412', 'Bank BCA'),
('500700', '1210804553', 'Bank BTN'),
('900800', '4430564421', 'Bank BTN'),
('700600', '9228102313', 'Bank BCA'),
('567894', '5457379955', 'Bank BRI'),
('678945', '9221052495', 'Bank BCA'),
('789456', '9116000043', 'Bank BRI'),
('894567', '0000055217', 'Bank BCA'),
('945678', '5444332189', 'Bank BNI'),
('123468', '9967428368', 'Bank BNI'),
('123579', '6003002001', 'Bank BRI'),
('987531', '7113234401', 'Bank BCA'),
('987642', '3456228765', 'Bank BCA'),
('102003', '7219450217', 'Bank BCA'),
('203004', '9991042750', 'Bank BTN'),
('304005', '1921132789', 'Bank BNI'),
('405006', '0987652200', 'Bank BRI'),
('506007', '2131111872', 'Bank BCA'),
('607008', '1341241974', 'Bank BNI'),
('708009', '7861445552', 'Bank BCA'),
('100010', '9235872355', 'Bank BTN'),
('101000', '0283516374', 'Bank BCA'),
('123042', '2345978443', 'OVO'),
('124424', '2131533254', 'GO-PAY'),
('124425', '2131533253', 'DANA');

-- --------------------------------------------------------

--
-- Table structure for table `PembayaranLuring`
--

CREATE TABLE `PembayaranLuring` (
  `ID_Pembayaran` varchar(10) NOT NULL,
  `PenerimaUang` varchar(20) NOT NULL
) ENGINE=InnoDB DEFAULT CHARSET=utf8mb4;

--
-- Dumping data for table `PembayaranLuring`
--

INSERT INTO `PembayaranLuring` (`ID_Pembayaran`, `PenerimaUang`) VALUES
('444551', 'Penjual'),
('432552', 'Penjual');

-- --------------------------------------------------------

--
-- Table structure for table `Penerimaan`
--

CREATE TABLE `Penerimaan` (
  `ID_Pengantaran` varchar(10) NOT NULL,
  `ID_Pelanggan` varchar(10) NOT NULL,
  `status` varchar(20) NOT NULL CHECK (`status` in ('Diterima','Belum Diterima'))
) ENGINE=InnoDB DEFAULT CHARSET=utf8mb4;

--
-- Dumping data for table `Penerimaan`
--

INSERT INTO `Penerimaan` (`ID_Pengantaran`, `ID_Pelanggan`, `status`) VALUES
('0100', '010', 'Diterima'),
('0101', '008', 'Diterima'),
('0102', '006', 'Diterima'),
('0103', '004', 'Belum Diterima'),
('0104', '002', 'Belum Diterima'),
('0105', '001', 'Diterima'),
('0106', '003', 'Belum Diterima'),
('0107', '005', 'Diterima'),
('0108', '007', 'Diterima'),
('0109', '009', 'Diterima'),
('0110', '005', 'Belum Diterima'),
('0111', '004', 'Diterima'),
('0112', '003', 'Belum Diterima'),
('0113', '002', 'Belum Diterima'),
('0114', '001', 'Diterima'),
('0115', '010', 'Diterima'),
('0116', '009', 'Diterima'),
('0117', '008', 'Diterima'),
('0118', '007', 'Diterima'),
('0119', '006', 'Belum Diterima'),
('0120', '001', 'Diterima'),
('0121', '002', 'Diterima'),
('0122', '003', 'Diterima'),
('0123', '004', 'Belum Diterima'),
('0124', '005', 'Diterima'),
('0125', '006', 'Belum Diterima'),
('0126', '007', 'Diterima'),
('0127', '008', 'Diterima'),
('0128', '009', 'Diterima'),
('0129', '010', 'Diterima'),
('0130', '010', 'Belum Diterima'),
('0131', '009', 'Diterima'),
('0132', '008', 'Diterima'),
('0133', '007', 'Diterima'),
('0134', '006', 'Diterima'),
('0135', '005', 'Belum Diterima'),
('0136', '004', 'Belum Diterima'),
('0137', '003', 'Belum Diterima'),
('0138', '002', 'Diterima'),
('0139', '001', 'Diterima'),
('0140', '001', 'Belum Diterima'),
('0141', '010', 'Diterima'),
('0142', '002', 'Diterima'),
('0143', '009', 'Belum Diterima'),
('0144', '003', 'Belum Diterima'),
('0145', '008', 'Diterima'),
('0146', '004', 'Diterima'),
('0147', '007', 'Diterima'),
('0148', '005', 'Belum Diterima'),
('0149', '006', 'Diterima'),
('2151', '001', 'Diterima'),
('3352', '002', 'Diterima'),
('4453', '003', 'Diterima'),
('5354', '010', 'Diterima'),
('5255', '003', 'Belum Diterima'),
('4256', '005', 'Belum Diterima'),
('3057', '006', 'Diterima'),
('4058', '007', 'Belum Diterima'),
('3459', '008', 'Belum Diterima'),
('2260', '009', 'Diterima'),
('4361', '001', 'Belum Diterima'),
('5662', '003', 'Belum Diterima'),
('2263', '004', 'Belum Diterima'),
('8964', '005', 'Diterima'),
('2365', '006', 'Belum Diterima'),
('6160', '001', 'Belum Diterima'),
('2367', '002', 'Belum Diterima'),
('5268', '003', 'Belum Diterima'),
('9669', '004', 'Belum Diterima'),
('4470', '005', 'Diterima'),
('3471', '010', 'Belum Diterima'),
('6072', '010', 'Belum Diterima'),
('7073', '003', 'Diterima'),
('9074', '004', 'Diterima'),
('8075', '005', 'Diterima'),
('4276', '004', 'Diterima'),
('7170', '007', 'Diterima'),
('3378', '008', 'Diterima'),
('5379', '006', 'Diterima'),
('7780', '005', 'Diterima'),
('2281', '004', 'Diterima'),
('2482', '003', 'Diterima'),
('5383', '002', 'Belum Diterima'),
('1184', '005', 'Belum Diterima'),
('5585', '005', 'Diterima'),
('6586', '001', 'Belum Diterima'),
('3387', '001', 'Diterima'),
('8888', '006', 'Diterima'),
('9989', '007', 'Diterima'),
('3390', '008', 'Belum Diterima'),
('2291', '002', 'Diterima'),
('5592', '003', 'Belum Diterima'),
('5293', '004', 'Belum Diterima'),
('3394', '002', 'Belum Diterima'),
('2295', '003', 'Diterima'),
('4596', '004', 'Belum Diterima'),
('3497', '005', 'Diterima'),
('4298', '006', 'Belum Diterima'),
('2299', '007', 'Belum Diterima'),
('4100', '010', 'Diterima'),
('2101', '002', 'Diterima'),
('5102', '003', 'Belum Diterima'),
('5103', '004', 'Belum Diterima'),
('3104', '002', 'Belum Diterima'),
('2105', '003', 'Diterima'),
('4106', '004', 'Belum Diterima'),
('3107', '005', 'Diterima'),
('4108', '006', 'Belum Diterima'),
('2109', '007', 'Belum Diterima'),
('4110', '010', 'Diterima'),
('6969', '009', 'Diterima'),
('6699', '010', 'Diterima'),
('7799', '010', 'Diterima'),
('0768', '009', 'Belum Diterima'),
('6666', '008', 'Belum Diterima'),
('3464', '007', 'Diterima'),
('5956', '006', 'Belum Diterima'),
('5051', '005', 'Diterima'),
('7173', '004', 'Belum Diterima'),
('9595', '003', 'Belum Diterima'),
('8585', '002', 'Diterima'),
('7576', '001', 'Diterima'),
('7777', '001', 'Diterima'),
('9056', '002', 'Belum Diterima'),
('1051', '003', 'Belum Diterima'),
('2152', '004', 'Diterima'),
('3071', '005', 'Belum Diterima'),
('4471', '006', 'Diterima'),
('4572', '007', 'Diterima'),
('4673', '008', 'Belum Diterima'),
('9002', '009', 'Belum Diterima'),
('9005', '010', 'Diterima'),
('8030', '005', 'Belum Diterima'),
('8050', '007', 'Diterima'),
('8011', '009', 'Belum Diterima');

-- --------------------------------------------------------

--
-- Table structure for table `Pengantaran`
--

CREATE TABLE `Pengantaran` (
  `ID_Pengantaran` varchar(10) NOT NULL,
  `ID_Pelanggan` varchar(10) NOT NULL,
  `ID_Penjual` varchar(10) NOT NULL,
  `jarak` int(11) NOT NULL,
  `noTelp` varchar(25) NOT NULL
) ENGINE=InnoDB DEFAULT CHARSET=utf8mb4;

--
-- Dumping data for table `Pengantaran`
--

INSERT INTO `Pengantaran` (`ID_Pengantaran`, `ID_Pelanggan`, `ID_Penjual`, `jarak`, `noTelp`) VALUES
('0100', '010', '045', 80, '081072646765'),
('0101', '008', '343', 95, '081388449950'),
('0102', '006', '465', 75, '081509878770'),
('0103', '004', '045', 60, '081125523542'),
('0104', '002', '343', 55, '081365438967'),
('0105', '001', '343', 90, '081238341886'),
('0106', '003', '045', 50, '081675876425'),
('0107', '005', '465', 65, '081256756735'),
('0108', '007', '045', 70, '081155003473'),
('0109', '009', '343', 85, '081237483922'),
('0110', '005', '902', 65, '081256756735'),
('0111', '004', '045', 85, '081125523542'),
('0112', '003', '927', 50, '081675876425'),
('0113', '002', '111', 70, '081365438967'),
('0114', '001', '902', 75, '081238341886'),
('0115', '010', '168', 95, '081072646765'),
('0116', '009', '902', 85, '081237483922'),
('0117', '008', '111', 90, '081388449950'),
('0118', '007', '003', 55, '081155003473'),
('0119', '006', '045', 80, '081509878770'),
('0120', '001', '168', 60, '081238341886'),
('0121', '002', '045', 85, '081365438967'),
('0122', '003', '343', 65, '081675876425'),
('0123', '004', '168', 50, '081125523542'),
('0124', '005', '343', 90, '081256756735'),
('0125', '006', '927', 95, '081509878770'),
('0126', '007', '168', 75, '081155003473'),
('0127', '008', '343', 80, '081388449950'),
('0128', '009', '927', 70, '081237483922'),
('0129', '010', '168', 65, '081072646765'),
('0130', '010', '045', 80, '081072646765'),
('0131', '009', '343', 75, '081237483922'),
('0132', '008', '927', 60, '081388449950'),
('0133', '007', '111', 95, '081155003473'),
('0134', '006', '003', 85, '081509878770'),
('0135', '005', '927', 80, '081256756735'),
('0136', '004', '045', 90, '081125523542'),
('0137', '003', '045', 55, '081675876425'),
('0138', '002', '343', 75, '081365438967'),
('0139', '001', '003', 70, '081238341886'),
('0140', '001', '045', 50, '081238341886'),
('0141', '010', '927', 65, '081072646765'),
('0142', '002', '343', 70, '081365438967'),
('0143', '009', '168', 60, '081237483922'),
('0144', '003', '343', 85, '081675876425'),
('0145', '008', '045', 85, '081388449950'),
('0146', '004', '465', 95, '081125523542'),
('0147', '007', '045', 90, '081155003473'),
('0148', '005', '927', 75, '081256756735'),
('0149', '006', '111', 70, '081509878770'),
('0768', '009', '168', 92, '081237483922'),
('1051', '003', '003', 16, '081675876425'),
('1184', '005', '045', 34, '081246565775'),
('2101', '002', '902', 23, '081224263466'),
('2105', '003', '465', 17, '081284645667'),
('2109', '007', '902', 35, '081295685676'),
('2151', '001', '343', 21, '081268334536'),
('2152', '004', '003', 24, '081125523542'),
('2260', '009', '045', 44, '081256664544'),
('2263', '004', '168', 66, '081238323233'),
('2281', '004', '168', 34, '081294245545'),
('2291', '002', '902', 23, '081223442546'),
('2295', '003', '465', 87, '081246435355'),
('2299', '007', '902', 45, '081253463463'),
('2365', '006', '111', 73, '081233432323'),
('2367', '002', '045', 64, '081234423234'),
('2482', '003', '927', 36, '081284335566'),
('3057', '006', '168', 87, '081235343444'),
('3071', '005', '111', 31, '081256756735'),
('3104', '002', '465', 57, '081286545667'),
('3107', '005', '003', 96, '081256956457'),
('3352', '002', '343', 34, '081242352386'),
('3378', '008', '045', 54, '081274532436'),
('3387', '001', '465', 68, '081211234434'),
('3390', '008', '045', 43, '081296553423'),
('3394', '002', '465', 67, '081264535355'),
('3459', '008', '045', 89, '081238342354'),
('3464', '007', '168', 64, '081155003473'),
('3471', '010', '927', 63, '081275656454'),
('3497', '005', '343', 56, '081233463454'),
('4058', '007', '045', 23, '081213669884'),
('4100', '010', '902', 88, '081224555546'),
('4106', '004', '343', 46, '081286574777'),
('4108', '006', '003', 67, '081285685665'),
('4110', '010', '902', 28, '081275674578'),
('4256', '005', '045', 27, '081254554555'),
('4276', '004', '003', 32, '081266334117'),
('4298', '006', '003', 57, '081234543436'),
('4361', '001', '168', 45, '081234323333'),
('4453', '003', '003', 93, '081246883453'),
('4470', '005', '045', 35, '081244232332'),
('4471', '006', '111', 38, '081509878770'),
('4572', '007', '111', 23, '081155003473'),
('4596', '004', '343', 76, '081238234235'),
('4673', '008', '902', 21, '081388449950'),
('5051', '005', '045', 84, '081256756735'),
('5102', '003', '045', 43, '081238657457'),
('5103', '004', '168', 34, '081245745754'),
('5255', '003', '045', 77, '081255424665'),
('5268', '003', '111', 99, '081245866733'),
('5293', '004', '343', 34, '081223554556'),
('5354', '010', '045', 55, '081218323455'),
('5379', '006', '111', 64, '081295342456'),
('5383', '002', '168', 67, '081274354356'),
('5585', '005', '927', 107, '081234566453'),
('5592', '003', '045', 43, '081232342356'),
('5662', '003', '045', 23, '081266665423'),
('5956', '006', '045', 86, '081509878770'),
('6072', '010', '927', 24, '081299654434'),
('6160', '001', '111', 34, '081244232333'),
('6586', '001', '343', 34, '081242345434'),
('6666', '008', '902', 77, '081388449950'),
('6699', '010', '927', 120, '081072646765'),
('6969', '009', '343', 60, '081237483922'),
('7073', '003', '465', 64, '081275654455'),
('7170', '007', '168', 23, '081213657539'),
('7173', '004', '003', 91, '081125523542'),
('7576', '001', '168', 100, '081238341886'),
('7777', '001', '168', 72, '081238341886'),
('7780', '005', '045', 65, '081235342908'),
('7799', '010', '111', 84, '081072646765'),
('8011', '009', '902', 32, '081237483922'),
('8030', '005', '927', 13, '081256756735'),
('8050', '007', '343', 31, '081155003473'),
('8075', '005', '003', 53, '081274454545'),
('8585', '002', '465', 82, '081365438967'),
('8888', '006', '045', 34, '081212344124'),
('8964', '005', '045', 76, '081222323343'),
('9002', '009', '902', 22, '081237483922'),
('9005', '010', '343', 14, '081072646765'),
('9056', '002', '045', 10, '081365438967'),
('9074', '004', '902', 64, '081234523432'),
('9595', '003', '465', 90, '081675876425'),
('9669', '004', '045', 69, '081263999933'),
('9989', '007', '465', 53, '081245243434');

-- --------------------------------------------------------

--
-- Table structure for table `Pengantaran_Produk`
--

CREATE TABLE `Pengantaran_Produk` (
  `ID_Pengantaran` varchar(10) NOT NULL,
  `ID_Produk` varchar(10) NOT NULL
) ENGINE=InnoDB DEFAULT CHARSET=utf8mb4;

--
-- Dumping data for table `Pengantaran_Produk`
--

INSERT INTO `Pengantaran_Produk` (`ID_Pengantaran`, `ID_Produk`) VALUES
('0100', '40'),
('0101', '05'),
('0102', '80'),
('0103', '90'),
('0104', '05'),
('0105', '10'),
('0106', '40'),
('0107', '85'),
('0108', '40'),
('0109', '10'),
('0110', '90'),
('0111', '40'),
('0112', '70'),
('0113', '60'),
('0114', '01'),
('0115', '30'),
('0116', '95'),
('0117', '55'),
('0118', '25'),
('0119', '40'),
('0120', '35'),
('0121', '40'),
('0122', '05'),
('0123', '30'),
('0124', '05'),
('0125', '75'),
('0126', '30'),
('0127', '05'),
('0128', '70'),
('0129', '30'),
('0130', '40'),
('0131', '05'),
('0132', '70'),
('0133', '55'),
('0134', '25'),
('0135', '65'),
('0136', '40'),
('0137', '40'),
('0138', '05'),
('0139', '20'),
('0140', '40'),
('0141', '70'),
('0142', '05'),
('0143', '35'),
('0144', '05'),
('0145', '40'),
('0146', '80'),
('0147', '40'),
('0148', '75'),
('0149', '60'),
('2151', '10'),
('3352', '05'),
('4453', '15'),
('5354', '40'),
('5255', '45'),
('4256', '40'),
('3057', '30'),
('4058', '40'),
('3459', '40'),
('2260', '40'),
('4361', '35'),
('5662', '40'),
('2263', '45'),
('8964', '40'),
('2365', '45'),
('6160', '40'),
('2367', '45'),
('5268', '55'),
('9669', '40'),
('4470', '40'),
('3471', '70'),
('6072', '65'),
('7073', '80'),
('9074', '01'),
('8075', '15'),
('4276', '15'),
('7170', '30'),
('3378', '40'),
('5379', '55'),
('7780', '45'),
('2281', '30'),
('2482', '70'),
('5383', '30'),
('1184', '45'),
('5585', '75'),
('6586', '10'),
('3387', '85'),
('8888', '50'),
('9989', '85'),
('3390', '40'),
('2291', '95'),
('5592', '45'),
('5293', '10'),
('3394', '80'),
('2295', '80'),
('4596', '10'),
('3497', '05'),
('4298', '20'),
('2299', '01'),
('4100', '95'),
('2101', '11'),
('5102', '06'),
('5103', '04'),
('3104', '09'),
('2105', '09'),
('4106', '02'),
('3107', '03'),
('4108', '03'),
('2109', '01'),
('4110', '01'),
('6969', '07'),
('6699', '08'),
('7799', '22'),
('0768', '33'),
('6666', '11'),
('3464', '32'),
('5956', '21'),
('5051', '21'),
('7173', '19'),
('9595', '09'),
('8585', '39'),
('7576', '34'),
('7777', '36'),
('9056', '24'),
('1051', '03'),
('2152', '17'),
('3071', '27'),
('4471', '28'),
('4572', '26'),
('4673', '11'),
('9002', '11'),
('9005', '06'),
('8030', '29'),
('8050', '02'),
('8011', '42');

-- --------------------------------------------------------

--
-- Table structure for table `Penjual`
--

CREATE TABLE `Penjual` (
  `ID_Penjual` varchar(10) NOT NULL,
  `email` varchar(40) NOT NULL,
  `nama` varchar(50) NOT NULL,
  `noTelp` varchar(25) NOT NULL,
  `alamat` varchar(100) NOT NULL
) ENGINE=InnoDB DEFAULT CHARSET=utf8mb4;

--
-- Dumping data for table `Penjual`
--

INSERT INTO `Penjual` (`ID_Penjual`, `email`, `nama`, `noTelp`, `alamat`) VALUES
('003', 'jayawijaya22@gmail.com ', 'berjaya bersama', '081339675544', 'Jln dinoyo 1/11'),
('045', 'raiahnreff45@gmail.com ', 'mira', '081223334488', 'Jln darmo 125'),
('1', 'b@protonmail.ch', 'Dark', '09999999', 'Dirumah'),
('111', 'jojofuad123@gmail.com ', 'topmarkotop', '082249675674', 'Jln lungsep 3/09'),
('123', 'raynvalshe@gmail.com', 'J', '081294122313', 'Jalan '),
('168', 'bobirendi12@gmail.com ', 'sumber waras', '081219457911', 'Jln bambangan 4'),
('343', 'ranggastya@gmail.com ', 'kencana', '087160002181', 'Jln klojen 2/18'),
('355', 'imandajagad01@gmail.com', 'Arceister', '0812943333333', 'Dirumah'),
('465', 'martinsyahida@gmail.com ', 'berkah', '081389623556', 'Jln permata jingga 28'),
('902', 'gamadafajar@gmail.com ', 'manalagi', '081335364471', 'Jln candi mendut 5/30'),
('927', 'gadgetjoss1@gmail.com ', 'layar', '081102000575', 'Jln sukun 1/24');

-- --------------------------------------------------------

--
-- Table structure for table `Pesanan`
--

CREATE TABLE `Pesanan` (
  `ID_Pesanan` varchar(10) NOT NULL,
  `ID_Pelanggan` varchar(10) NOT NULL,
  `ID_Penjual` varchar(10) NOT NULL,
  `tanggal` date NOT NULL,
  `jumlahBarang` int(11) NOT NULL,
  `subHarga` int(11) NOT NULL,
  `biayaOngkir` int(11) NOT NULL,
  `totalHarga` int(11) NOT NULL
) ENGINE=InnoDB DEFAULT CHARSET=utf8mb4;

--
-- Dumping data for table `Pesanan`
--

INSERT INTO `Pesanan` (`ID_Pesanan`, `ID_Pelanggan`, `ID_Penjual`, `tanggal`, `jumlahBarang`, `subHarga`, `biayaOngkir`, `totalHarga`) VALUES
('001', '010', '045', '2020-10-24', 2, 20000, 10000, 30000),
('002', '008', '343', '2020-10-24', 3, 75000, 23000, 98000),
('003', '006', '465', '2020-10-24', 1, 65000, 15000, 80000),
('004', '004', '045', '2020-10-24', 1, 12300000, 20000, 12320000),
('005', '002', '343', '2020-10-24', 2, 50000, 10000, 60000),
('006', '001', '343', '2020-10-24', 1, 30000, 20000, 50000),
('007', '003', '045', '2020-10-24', 3, 30000, 5000, 35000),
('008', '005', '465', '2020-10-24', 2, 50000, 15000, 65000),
('009', '007', '045', '2020-10-24', 3, 30000, 15000, 45000),
('010', '009', '343', '2020-10-24', 3, 90000, 17000, 107000),
('011', '005', '902', '2020-10-25', 1, 8500000, 25000, 8525000),
('012', '004', '045', '2020-10-25', 4, 40000, 20000, 60000),
('013', '003', '927', '2020-10-25', 4, 200000, 15000, 215000),
('014', '002', '111', '2020-10-25', 2, 70000, 10000, 80000),
('015', '001', '902', '2020-10-25', 1, 160000, 20000, 180000),
('016', '010', '168', '2020-10-25', 5, 200000, 15000, 215000),
('017', '009', '902', '2020-10-25', 3, 360000, 25000, 385000),
('018', '008', '111', '2020-10-25', 2, 200000, 12000, 212000),
('019', '007', '003', '2020-10-25', 4, 60000, 10000, 70000),
('020', '006', '045', '2020-10-25', 3, 30000, 8000, 38000),
('021', '001', '168', '2020-10-21', 2, 6500000, 25000, 6525000),
('022', '002', '045', '2020-10-21', 2, 20000, 5000, 25000),
('023', '003', '343', '2020-10-21', 3, 75000, 10000, 85000),
('024', '004', '168', '2020-10-21', 3, 360000, 20000, 380000),
('025', '005', '343', '2020-10-21', 2, 50000, 20000, 70000),
('026', '006', '927', '2020-10-21', 2, 60000, 15000, 75000),
('027', '007', '168', '2020-10-21', 2, 80000, 20000, 100000),
('028', '008', '343', '2020-10-21', 1, 25000, 15000, 40000),
('029', '009', '927', '2020-10-21', 3, 150000, 10000, 160000),
('030', '010', '168', '2020-10-21', 4, 160000, 15000, 175000),
('031', '010', '045', '2020-10-27', 3, 30000, 15000, 45000),
('032', '009', '343', '2020-10-27', 2, 50000, 20000, 70000),
('033', '008', '927', '2020-10-27', 2, 100000, 15000, 115000),
('034', '007', '111', '2020-10-27', 2, 200000, 20000, 220000),
('035', '006', '003', '2020-10-27', 2, 30000, 15000, 45000),
('036', '005', '927', '2020-10-27', 5, 25000, 20000, 45000),
('037', '004', '045', '2020-10-27', 3, 30000, 10000, 40000),
('038', '003', '045', '2020-10-27', 2, 20000, 15000, 35000),
('039', '002', '343', '2020-10-27', 4, 100000, 20000, 120000),
('040', '001', '003', '2020-10-27', 1, 50000, 15000, 65000),
('041', '001', '045', '2020-10-27', 4, 40000, 15000, 55000),
('042', '010', '927', '2020-10-27', 3, 150000, 10000, 160000),
('043', '002', '343', '2020-10-26', 3, 75000, 15000, 90000),
('044', '009', '168', '2020-10-26', 1, 3250000, 20000, 3270000),
('045', '003', '343', '2020-10-26', 2, 50000, 10000, 60000),
('046', '008', '045', '2020-10-26', 3, 30000, 15000, 45000),
('047', '004', '465', '2020-10-26', 2, 130000, 15000, 145000),
('048', '007', '045', '2020-10-26', 3, 30000, 20000, 50000),
('049', '005', '927', '2020-10-26', 4, 120000, 15000, 135000),
('050', '006', '111', '2020-10-26', 2, 70000, 15000, 85000),
('051', '001', '343', '2020-11-24', 1, 30000, 10000, 40000),
('052', '002', '343', '2019-10-11', 2, 50000, 20000, 70000),
('053', '003', '003', '2020-01-21', 1, 85000, 10000, 95000),
('054', '010', '045', '2020-03-22', 2, 20000, 20000, 40000),
('055', '003', '045', '2020-03-22', 1, 10000, 10000, 20000),
('056', '005', '045', '2020-02-28', 3, 30000, 20000, 50000),
('057', '006', '168', '2019-11-29', 1, 40000, 10000, 50000),
('058', '007', '045', '2018-10-24', 2, 20000, 10000, 30000),
('059', '008', '045', '2020-10-15', 3, 30000, 10000, 40000),
('060', '009', '045', '2020-12-27', 2, 20000, 20000, 40000),
('061', '001', '168', '2020-04-11', 1, 3250000, 20000, 3270000),
('062', '003', '045', '2017-05-12', 2, 20000, 10000, 30000),
('063', '004', '168', '2020-07-13', 1, 40000, 20000, 60000),
('064', '005', '045', '2020-08-13', 2, 20000, 20000, 40000),
('065', '006', '111', '2020-11-14', 3, 300000, 10000, 310000),
('066', '001', '111', '2018-12-16', 1, 35000, 20000, 55000),
('067', '002', '045', '2019-03-18', 3, 30000, 20000, 50000),
('068', '003', '111', '2020-04-22', 1, 100000, 10000, 110000),
('069', '004', '045', '2020-10-22', 1, 10000, 20000, 30000),
('070', '005', '045', '2020-12-21', 2, 20000, 20000, 40000),
('071', '010', '927', '2020-12-27', 1, 50000, 10000, 60000),
('072', '010', '927', '2018-09-24', 3, 15000, 20000, 35000),
('073', '003', '465', '2020-10-11', 1, 65000, 20000, 85000),
('074', '004', '902', '2020-10-22', 2, 320000, 10000, 330000),
('075', '005', '003', '2020-10-22', 1, 85000, 20000, 105000),
('076', '004', '003', '2019-05-23', 1, 85000, 20000, 105000),
('077', '007', '168', '2020-06-25', 2, 80000, 20000, 100000),
('078', '008', '045', '2020-07-27', 1, 10000, 20000, 30000),
('079', '006', '111', '2020-09-18', 1, 100000, 20000, 120000),
('080', '005', '045', '2020-10-12', 2, 20000, 10000, 30000),
('081', '004', '168', '2020-10-21', 3, 120000, 30000, 150000),
('082', '003', '927', '2020-11-14', 1, 50000, 20000, 70000),
('083', '002', '168', '2020-12-16', 2, 80000, 10000, 90000),
('084', '005', '045', '2019-10-24', 3, 30000, 20000, 50000),
('085', '005', '927', '2020-10-02', 1, 30000, 20000, 50000),
('086', '001', '343', '2020-10-01', 1, 30000, 20000, 50000),
('087', '001', '465', '2020-08-03', 2, 50000, 10000, 60000),
('088', '006', '045', '2020-10-04', 1, 12300000, 20000, 12320000),
('089', '007', '465', '2020-10-05', 3, 75000, 10000, 85000),
('090', '008', '045', '2018-09-09', 2, 20000, 20000, 40000),
('091', '002', '902', '2020-10-24', 2, 240000, 20000, 260000),
('092', '003', '045', '2020-02-11', 3, 30000, 10000, 40000),
('093', '004', '343', '2020-10-13', 2, 60000, 20000, 80000),
('094', '002', '465', '2020-10-14', 1, 65000, 10000, 75000),
('095', '003', '465', '2020-03-15', 2, 130000, 20000, 150000),
('096', '004', '343', '2020-10-20', 1, 30000, 10000, 40000),
('097', '005', '343', '2020-07-22', 1, 25000, 10000, 35000),
('098', '006', '003', '2020-06-24', 1, 50000, 20000, 70000),
('099', '007', '902', '2019-11-21', 2, 320000, 10000, 330000),
('100', '010', '902', '2019-12-02', 2, 240000, 20000, 260000),
('101', '002', '902', '2020-04-22', 2, 100000, 20000, 120000),
('102', '003', '045', '2020-04-11', 3, 90000, 10000, 100000),
('103', '004', '168', '2020-12-13', 1, 5000000, 20000, 5020000),
('104', '002', '465', '2020-04-14', 1, 65000, 10000, 75000),
('105', '003', '465', '2019-02-15', 2, 130000, 20000, 150000),
('106', '004', '343', '2020-11-10', 3, 15000, 10000, 250000),
('107', '005', '003', '2020-04-22', 1, 80000, 10000, 90000),
('108', '006', '003', '2020-05-14', 1, 80000, 20000, 100000),
('109', '007', '902', '2019-01-11', 2, 100000, 10000, 110000),
('110', '010', '902', '2019-03-02', 2, 100000, 20000, 120000),
('111', '009', '343', '2019-03-02', 3, 45000, 20000, 65000),
('112', '010', '927', '2019-03-02', 4, 40000, 15000, 55000),
('113', '010', '111', '2020-03-02', 1, 65000, 20000, 850000),
('114', '009', '168', '2019-03-02', 2, 80000, 20000, 100000),
('115', '008', '902', '2019-03-02', 3, 150000, 20000, 170000),
('116', '007', '168', '2020-03-02', 2, 800000, 15000, 8150000),
('117', '006', '045', '2020-03-02', 2, 60000, 25000, 85000),
('118', '005', '045', '2019-03-02', 3, 90000, 20000, 110000),
('119', '004', '003', '2019-03-02', 2, 40000, 20000, 60000),
('120', '003', '465', '2019-03-02', 1, 65000, 25000, 90000),
('121', '002', '465', '2019-03-02', 3, 135000, 30000, 165000),
('122', '001', '168', '2019-03-02', 5, 25000, 10000, 350000),
('123', '001', '168', '2020-03-02', 3, 21000, 13000, 34000),
('124', '002', '045', '2019-03-02', 4, 520000, 20000, 640000),
('125', '003', '003', '2019-03-02', 4, 320000, 25000, 345000),
('126', '004', '003', '2019-03-02', 2, 180000, 20000, 200000),
('127', '005', '111', '2019-03-02', 1, 33000, 15000, 48000),
('128', '006', '111', '2019-03-02', 3, 135000, 20000, 155000),
('129', '007', '111', '2020-03-02', 2, 330000, 20000, 350000),
('130', '008', '902', '2020-03-02', 3, 150000, 25000, 175000),
('131', '009', '902', '2020-03-02', 2, 100000, 15000, 115000),
('132', '010', '343', '2020-03-02', 2, 400000, 15000, 415000),
('133', '005', '927', '2019-03-02', 5, 75000, 20000, 95000),
('134', '007', '343', '2020-03-02', 4, 20000, 10000, 30000),
('135', '009', '902', '2019-03-02', 2, 24000, 15000, 39000),
('136', '001', '902', '2020-03-03', 1, 22000, 15000, 37000),
('239', '001', '045', '2020-12-11', 1, 330000, 5000, 335000),
('244', '001', '045', '2020-10-24', 1, 165000, 5000, 170000),
('245', '001', '045', '2020-10-24', 1, 165000, 5000, 170000);

-- --------------------------------------------------------

--
-- Table structure for table `Produk`
--

CREATE TABLE `Produk` (
  `ID_Produk` varchar(10) NOT NULL,
  `ID_Penjual` varchar(10) NOT NULL,
  `nama` varchar(50) NOT NULL,
  `jenis` varchar(20) NOT NULL,
  `stok` int(11) NOT NULL,
  `harga` int(11) NOT NULL
) ENGINE=InnoDB DEFAULT CHARSET=utf8mb4;

--
-- Dumping data for table `Produk`
--

INSERT INTO `Produk` (`ID_Produk`, `ID_Penjual`, `nama`, `jenis`, `stok`, `harga`) VALUES
('01', '902', 'Hoodie Polos', 'Pakaian', 20, 160000),
('02', '343', 'Baso Goreng', 'Makanan & Minuman', 120, 5000),
('03', '003', 'Baju Anime', 'Pakaian', 30, 80000),
('04', '168', 'Batu Cincin Ijo Garut', 'Souvenir', 10, 5000000),
('05', '343', 'Kabel USB', 'Elektronik', 50, 25000),
('06', '343', 'Guci', 'Souvenir', 50, 200000),
('07', '343', 'Headset', 'Elektronik', 100, 15000),
('08', '927', 'Keripik Nanas', 'Makanan & Minuman', 50, 10000),
('09', '465', 'Bendera One Piece', 'Souvenir', 40, 65000),
('10', '343', 'Tumblr', 'Souvenir', 20, 30000),
('11', '902', 'Topi Jerami', 'Pakaian', 50, 50000),
('15', '003', 'Kemeja Flanel', 'Pakaian', 10, 85000),
('17', '003', 'Blazer', 'Pakaian', 20, 90000),
('19', '003', 'Gudeg', 'Makanan & Minuman', 30, 20000),
('20', '003', 'Bola Basket', 'Olahraga', 5, 50000),
('21', '045', 'Nasi Kebully', 'Makanan & Minuman', 50, 30000),
('22', '111', 'Patung Kuda', 'Souvenir', 40, 65000),
('24', '045', 'Kacamata', 'Souvenir', 25, 130000),
('25', '003', 'Cangkir', 'Souvenir', 30, 15000),
('26', '111', 'Microphone', 'Elektronik', 79, 165000),
('27', '111', 'Mouse gaming', 'Elektronik', 59, 330000),
('28', '111', 'Tanktop', 'Pakaian', 40, 45000),
('29', '927', 'Nanas Muda', 'Makanan & Minuman', 20, 15000),
('30', '168', 'Kripik Apel', 'Makanan & Minuman', 120, 40000),
('32', '168', 'Keyboard Gaming', 'Elektronik', 30, 400000),
('33', '168', 'Celana Joger', 'Pakaian', 120, 40000),
('34', '168', 'Teh Botol', 'Makanan & Minuman', 100, 5000),
('35', '168', 'Kulkas', 'Elektronik', 15, 3250000),
('36', '168', 'Minuman Energi', 'Makanan & Minuman', 100, 7000),
('37', '927', 'Bandana', 'Souvenir', 50, 25000),
('39', '465', 'Kabel Roll', 'Elektronik', 40, 45000),
('40', '045', 'Kopi Susu Hazelnut', 'Makanan & Minuman', 50, 10000),
('41', '465', 'Bola Voli', 'Olahraga', 40, 65000),
('42', '902', 'Rujak Manis', 'Makanan & Minuman', 39, 12000),
('43', '902', 'Meja Karambol', 'Olahraga', 30, 155000),
('45', '045', 'Gantungan Kunci', 'Souvenir', 100, 10000),
('453', '111', 'Jaket Anime', 'Pakaian', 10, 100000),
('50', '045', 'Iphone 11', 'Elektronik', 10, 12300000),
('55', '111', 'Celana Jeans', 'Pakaian', 24, 100000),
('60', '111', 'Raket Tenis', 'Olahraga', 10, 35000),
('65', '927', 'Bola Pingpong', 'Olahraga', 30, 5000),
('70', '927', 'Tas Kecil', 'Souvenir', 40, 50000),
('75', '927', 'Pempek', 'Makanan & Minuman', 20, 30000),
('80', '465', 'Kaos Polos', 'Pakaian', 25, 65000),
('85', '465', 'Kaos Kaki', 'Olahraga', 20, 25000),
('90', '902', 'Iphone X', 'Elektronik', 10, 8500000),
('95', '902', 'Sari Apel', 'Makanan & Minuman', 18, 120000);

-- --------------------------------------------------------

--
-- Table structure for table `Produk_Pesanan`
--

CREATE TABLE `Produk_Pesanan` (
  `ID_Produk` varchar(10) NOT NULL,
  `ID_Pesanan` varchar(10) NOT NULL
) ENGINE=InnoDB DEFAULT CHARSET=utf8mb4;

--
-- Dumping data for table `Produk_Pesanan`
--

INSERT INTO `Produk_Pesanan` (`ID_Produk`, `ID_Pesanan`) VALUES
('40', '001'),
('05', '002'),
('80', '003'),
('50', '004'),
('05', '005'),
('10', '006'),
('40', '007'),
('85', '008'),
('40', '009'),
('10', '010'),
('90', '011'),
('40', '012'),
('70', '013'),
('60', '014'),
('01', '015'),
('30', '016'),
('95', '017'),
('55', '018'),
('25', '019'),
('40', '020'),
('35', '021'),
('40', '022'),
('05', '023'),
('30', '024'),
('05', '025'),
('75', '026'),
('30', '027'),
('05', '028'),
('70', '029'),
('30', '030'),
('40', '031'),
('05', '032'),
('70', '033'),
('55', '034'),
('25', '035'),
('65', '036'),
('40', '037'),
('40', '038'),
('05', '039'),
('20', '040'),
('40', '041'),
('70', '042'),
('05', '043'),
('35', '044'),
('05', '045'),
('40', '046'),
('80', '047'),
('40', '048'),
('75', '049'),
('60', '050'),
('10', '051'),
('05', '052'),
('15', '053'),
('40', '054'),
('45', '055'),
('40', '056'),
('30', '057'),
('40', '058'),
('40', '059'),
('40', '060'),
('35', '061'),
('40', '062'),
('45', '063'),
('40', '064'),
('45', '065'),
('40', '066'),
('45', '067'),
('55', '068'),
('40', '069'),
('40', '070'),
('70', '071'),
('65', '072'),
('80', '073'),
('01', '074'),
('15', '075'),
('15', '076'),
('30', '077'),
('40', '078'),
('55', '079'),
('45', '080'),
('30', '081'),
('70', '082'),
('30', '083'),
('45', '084'),
('75', '085'),
('10', '086'),
('85', '087'),
('50', '088'),
('85', '089'),
('40', '090'),
('95', '091'),
('45', '092'),
('10', '093'),
('80', '094'),
('80', '095'),
('10', '096'),
('05', '097'),
('20', '098'),
('01', '099'),
('95', '100'),
('11', '101'),
('21', '102'),
('04', '103'),
('09', '104'),
('09', '105'),
('02', '106'),
('03', '107'),
('03', '108'),
('01', '109'),
('01', '110'),
('07', '111'),
('08', '112'),
('22', '113'),
('33', '114'),
('11', '115'),
('32', '116'),
('21', '117'),
('21', '118'),
('19', '119'),
('41', '120'),
('39', '121'),
('34', '122'),
('36', '123'),
('24', '124'),
('03', '125'),
('17', '126'),
('27', '127'),
('28', '128'),
('26', '129'),
('11', '130'),
('11', '131'),
('06', '132'),
('29', '133'),
('02', '134'),
('42', '135'),
('42', '136'),
('26', '244'),
('27', '239');

--
-- Indexes for dumped tables
--

--
-- Indexes for table `Pelanggan`
--
ALTER TABLE `Pelanggan`
  ADD PRIMARY KEY (`ID_Pelanggan`),
  ADD UNIQUE KEY `noTelp` (`noTelp`),
  ADD UNIQUE KEY `email` (`email`);

--
-- Indexes for table `Pembayaran`
--
ALTER TABLE `Pembayaran`
  ADD PRIMARY KEY (`ID_Pembayaran`),
  ADD KEY `ID_Pelanggan` (`ID_Pelanggan`),
  ADD KEY `ID_Pesanan` (`ID_Pesanan`);

--
-- Indexes for table `PembayaranDaring`
--
ALTER TABLE `PembayaranDaring`
  ADD KEY `ID_Pembayaran` (`ID_Pembayaran`);

--
-- Indexes for table `PembayaranLuring`
--
ALTER TABLE `PembayaranLuring`
  ADD KEY `ID_Pembayaran` (`ID_Pembayaran`);

--
-- Indexes for table `Penerimaan`
--
ALTER TABLE `Penerimaan`
  ADD KEY `ID_Pengantaran` (`ID_Pengantaran`),
  ADD KEY `ID_Pelanggan` (`ID_Pelanggan`);

--
-- Indexes for table `Pengantaran`
--
ALTER TABLE `Pengantaran`
  ADD PRIMARY KEY (`ID_Pengantaran`),
  ADD KEY `ID_Pelanggan` (`ID_Pelanggan`),
  ADD KEY `ID_Penjual` (`ID_Penjual`);

--
-- Indexes for table `Pengantaran_Produk`
--
ALTER TABLE `Pengantaran_Produk`
  ADD KEY `ID_Pengantaran` (`ID_Pengantaran`),
  ADD KEY `ID_Produk` (`ID_Produk`);

--
-- Indexes for table `Penjual`
--
ALTER TABLE `Penjual`
  ADD PRIMARY KEY (`ID_Penjual`),
  ADD UNIQUE KEY `email` (`email`),
  ADD UNIQUE KEY `noTelp` (`noTelp`);

--
-- Indexes for table `Pesanan`
--
ALTER TABLE `Pesanan`
  ADD PRIMARY KEY (`ID_Pesanan`),
  ADD KEY `ID_Pelanggan` (`ID_Pelanggan`),
  ADD KEY `ID_Penjual` (`ID_Penjual`);

--
-- Indexes for table `Produk`
--
ALTER TABLE `Produk`
  ADD PRIMARY KEY (`ID_Produk`),
  ADD KEY `ID_Penjual` (`ID_Penjual`);

--
-- Indexes for table `Produk_Pesanan`
--
ALTER TABLE `Produk_Pesanan`
  ADD KEY `ID_Produk` (`ID_Produk`),
  ADD KEY `ID_Pesanan` (`ID_Pesanan`);

--
-- Constraints for dumped tables
--

--
-- Constraints for table `Pembayaran`
--
ALTER TABLE `Pembayaran`
  ADD CONSTRAINT `Pembayaran_ibfk_1` FOREIGN KEY (`ID_Pelanggan`) REFERENCES `Pelanggan` (`ID_Pelanggan`),
  ADD CONSTRAINT `Pembayaran_ibfk_2` FOREIGN KEY (`ID_Pesanan`) REFERENCES `Pesanan` (`ID_Pesanan`);

--
-- Constraints for table `PembayaranDaring`
--
ALTER TABLE `PembayaranDaring`
  ADD CONSTRAINT `PembayaranDaring_ibfk_1` FOREIGN KEY (`ID_Pembayaran`) REFERENCES `Pembayaran` (`ID_Pembayaran`);

--
-- Constraints for table `PembayaranLuring`
--
ALTER TABLE `PembayaranLuring`
  ADD CONSTRAINT `PembayaranLuring_ibfk_1` FOREIGN KEY (`ID_Pembayaran`) REFERENCES `Pembayaran` (`ID_Pembayaran`);

--
-- Constraints for table `Penerimaan`
--
ALTER TABLE `Penerimaan`
  ADD CONSTRAINT `Penerimaan_ibfk_1` FOREIGN KEY (`ID_Pengantaran`) REFERENCES `Pengantaran` (`ID_Pengantaran`),
  ADD CONSTRAINT `Penerimaan_ibfk_2` FOREIGN KEY (`ID_Pelanggan`) REFERENCES `Pelanggan` (`ID_Pelanggan`);

--
-- Constraints for table `Pengantaran`
--
ALTER TABLE `Pengantaran`
  ADD CONSTRAINT `Pengantaran_ibfk_1` FOREIGN KEY (`ID_Pelanggan`) REFERENCES `Pelanggan` (`ID_Pelanggan`),
  ADD CONSTRAINT `Pengantaran_ibfk_2` FOREIGN KEY (`ID_Penjual`) REFERENCES `Penjual` (`ID_Penjual`);

--
-- Constraints for table `Pengantaran_Produk`
--
ALTER TABLE `Pengantaran_Produk`
  ADD CONSTRAINT `Pengantaran_Produk_ibfk_1` FOREIGN KEY (`ID_Pengantaran`) REFERENCES `Pengantaran` (`ID_Pengantaran`),
  ADD CONSTRAINT `Pengantaran_Produk_ibfk_2` FOREIGN KEY (`ID_Produk`) REFERENCES `Produk` (`ID_Produk`);

--
-- Constraints for table `Pesanan`
--
ALTER TABLE `Pesanan`
  ADD CONSTRAINT `Pesanan_ibfk_1` FOREIGN KEY (`ID_Pelanggan`) REFERENCES `Pelanggan` (`ID_Pelanggan`),
  ADD CONSTRAINT `Pesanan_ibfk_2` FOREIGN KEY (`ID_Penjual`) REFERENCES `Penjual` (`ID_Penjual`);

--
-- Constraints for table `Produk`
--
ALTER TABLE `Produk`
  ADD CONSTRAINT `Produk_ibfk_1` FOREIGN KEY (`ID_Penjual`) REFERENCES `Penjual` (`ID_Penjual`);

--
-- Constraints for table `Produk_Pesanan`
--
ALTER TABLE `Produk_Pesanan`
  ADD CONSTRAINT `Produk_Pesanan_ibfk_1` FOREIGN KEY (`ID_Produk`) REFERENCES `Produk` (`ID_Produk`),
  ADD CONSTRAINT `Produk_Pesanan_ibfk_2` FOREIGN KEY (`ID_Pesanan`) REFERENCES `Pesanan` (`ID_Pesanan`);
COMMIT;

/*!40101 SET CHARACTER_SET_CLIENT=@OLD_CHARACTER_SET_CLIENT */;
/*!40101 SET CHARACTER_SET_RESULTS=@OLD_CHARACTER_SET_RESULTS */;
/*!40101 SET COLLATION_CONNECTION=@OLD_COLLATION_CONNECTION */;
